[{"model": "contenttypes.contenttype", "pk": 1, "fields": {"app_label": "blog", "model": "myuser"}}, {"model": "contenttypes.contenttype", "pk": 2, "fields": {"app_label": "blog", "model": "comment"}}, {"model": "contenttypes.contenttype", "pk": 3, "fields": {"app_label": "blog", "model": "post"}}, {"model": "contenttypes.contenttype", "pk": 4, "fields": {"app_label": "admin", "model": "logentry"}}, {"model": "contenttypes.contenttype", "pk": 5, "fields": {"app_label": "auth", "model": "group"}}, {"model": "contenttypes.contenttype", "pk": 6, "fields": {"app_label": "auth", "model": "permission"}}, {"model": "contenttypes.contenttype", "pk": 7, "fields": {"app_label": "contenttypes", "model": "contenttype"}}, {"model": "contenttypes.contenttype", "pk": 8, "fields": {"app_label": "sessions", "model": "session"}}, {"model": "sessions.session", "pk": "7cg7yx0h2t3fayol6ypyz4px56ugm4vv", "fields": {"session_data": "NDVmZTQ1MTgwOTRkNWYxODZlMjkyNGFlNTFlZGE1ZWYwN2EzZGVjNjp7Il9hdXRoX3VzZXJfaWQiOiIxIiwiX2F1dGhfdXNlcl9iYWNrZW5kIjoiZGphbmdvLmNvbnRyaWIuYXV0aC5iYWNrZW5kcy5Nb2RlbEJhY2tlbmQiLCJfYXV0aF91c2VyX2hhc2giOiI5ZjBlNmNiZTU0ZTUyZWQ1NmRhMjY2NzA3Mzg2OWZiZTY5NjViODEzIn0=", "expire_date": "2019-04-07T12:53:41.676Z"}}, {"model": "sessions.session", "pk": "hjvogffaovy8lz92z5p7o3w2pmxha37w", "fields": {"session_data": "YzUxN2JmYjFjOGY3NTQ3N2JkY2VlNDQ3ZGM3N2EzYTVmNzY2MzIyMDp7Il9hdXRoX3VzZXJfYmFja2VuZCI6ImRqYW5nby5jb250cmliLmF1dGguYmFja2VuZHMuTW9kZWxCYWNrZW5kIiwiX2F1dGhfdXNlcl9pZCI6IjEiLCJfYXV0aF91c2VyX2hhc2giOiI5ZjBlNmNiZTU0ZTUyZWQ1NmRhMjY2NzA3Mzg2OWZiZTY5NjViODEzIn0=", "expire_date": "2019-03-31T15:16:24.164Z"}}, {"model": "auth.permission", "pk": 1, "fields": {"name": "Can add user", "content_type": 1, "codename": "add_myuser"}}, {"model": "auth.permission", "pk": 2, "fields": {"name": "Can change user", "content_type": 1, "codename": "change_myuser"}}, {"model": "auth.permission", "pk": 3, "fields": {"name": "Can delete user", "content_type": 1, "codename": "delete_myuser"}}, {"model": "auth.permission", "pk": 4, "fields": {"name": "Can view user", "content_type": 1, "codename": "view_myuser"}}, {"model": "auth.permission", "pk": 5, "fields": {"name": "Can add comment", "content_type": 2, "codename": "add_comment"}}, {"model": "auth.permission", "pk": 6, "fields": {"name": "Can change comment", "content_type": 2, "codename": "change_comment"}}, {"model": "auth.permission", "pk": 7, "fields": {"name": "Can delete comment", "content_type": 2, "codename": "delete_comment"}}, {"model": "auth.permission", "pk": 8, "fields": {"name": "Can view comment", "content_type": 2, "codename": "view_comment"}}, {"model": "auth.permission", "pk": 9, "fields": {"name": "Can add post", "content_type": 3, "codename": "add_post"}}, {"model": "auth.permission", "pk": 10, "fields": {"name": "Can change post", "content_type": 3, "codename": "change_post"}}, {"model": "auth.permission", "pk": 11, "fields": {"name": "Can delete post", "content_type": 3, "codename": "delete_post"}}, {"model": "auth.permission", "pk": 12, "fields": {"name": "Can view post", "content_type": 3, "codename": "view_post"}}, {"model": "auth.permission", "pk": 13, "fields": {"name": "Can add log entry", "content_type": 4, "codename": "add_logentry"}}, {"model": "auth.permission", "pk": 14, "fields": {"name": "Can change log entry", "content_type": 4, "codename": "change_logentry"}}, {"model": "auth.permission", "pk": 15, "fields": {"name": "Can delete log entry", "content_type": 4, "codename": "delete_logentry"}}, {"model": "auth.permission", "pk": 16, "fields": {"name": "Can view log entry", "content_type": 4, "codename": "view_logentry"}}, {"model": "auth.permission", "pk": 17, "fields": {"name": "Can add group", "content_type": 5, "codename": "add_group"}}, {"model": "auth.permission", "pk": 18, "fields": {"name": "Can change group", "content_type": 5, "codename": "change_group"}}, {"model": "auth.permission", "pk": 19, "fields": {"name": "Can delete group", "content_type": 5, "codename": "delete_group"}}, {"model": "auth.permission", "pk": 20, "fields": {"name": "Can view group", "content_type": 5, "codename": "view_group"}}, {"model": "auth.permission", "pk": 21, "fields": {"name": "Can add permission", "content_type": 6, "codename": "add_permission"}}, {"model": "auth.permission", "pk": 22, "fields": {"name": "Can change permission", "content_type": 6, "codename": "change_permission"}}, {"model": "auth.permission", "pk": 23, "fields": {"name": "Can delete permission", "content_type": 6, "codename": "delete_permission"}}, {"model": "auth.permission", "pk": 24, "fields": {"name": "Can view permission", "content_type": 6, "codename": "view_permission"}}, {"model": "auth.permission", "pk": 25, "fields": {"name": "Can add content type", "content_type": 7, "codename": "add_contenttype"}}, {"model": "auth.permission", "pk": 26, "fields": {"name": "Can change content type", "content_type": 7, "codename": "change_contenttype"}}, {"model": "auth.permission", "pk": 27, "fields": {"name": "Can delete content type", "content_type": 7, "codename": "delete_contenttype"}}, {"model": "auth.permission", "pk": 28, "fields": {"name": "Can view content type", "content_type": 7, "codename": "view_contenttype"}}, {"model": "auth.permission", "pk": 29, "fields": {"name": "Can add session", "content_type": 8, "codename": "add_session"}}, {"model": "auth.permission", "pk": 30, "fields": {"name": "Can change session", "content_type": 8, "codename": "change_session"}}, {"model": "auth.permission", "pk": 31, "fields": {"name": "Can delete session", "content_type": 8, "codename": "delete_session"}}, {"model": "auth.permission", "pk": 32, "fields": {"name": "Can view session", "content_type": 8, "codename": "view_session"}}, {"model": "blog.myuser", "pk": 1, "fields": {"password": "pbkdf2_sha256$120000$wU4Grl99wdZE$BmxtdNHhcXrrU97ogsctzb8SHGBwJJM/jtLtE4RKbTU=", "last_login": "2019-03-24T12:53:41.610Z", "is_superuser": true, "username": "pavelshastin", "first_name": "", "last_name": "", "email": "pavelshastin@yandex.ru", "is_staff": true, "is_active": true, "date_joined": "2019-03-17T15:16:14.059Z", "groups": [], "user_permissions": []}}, {"model": "blog.myuser", "pk": 2, "fields": {"password": "pbkdf2_sha256$120000$b3S5s5LBvzJY$nd7ufwGgLMh4BBD5EW8hsPIaX6qRA+HkIfBIYFgcdHI=", "last_login": null, "is_superuser": false, "username": "Dasha", "first_name": "Daria", "last_name": "Syzranova", "email": "dasha1983@mail.ru", "is_staff": false, "is_active": true, "date_joined": "2019-03-18T06:17:10Z", "groups": [], "user_permissions": []}}, {"model": "blog.myuser", "pk": 3, "fields": {"password": "pbkdf2_sha256$120000$WXRZdgwPDXx8$xaCFzIPpwuiAkzeR1l916R9ok/k/Zur9Ml3YkQ56OeE=", "last_login": null, "is_superuser": false, "username": "Masha", "first_name": "", "last_name": "", "email": "", "is_staff": false, "is_active": true, "date_joined": "2019-03-18T06:17:23.774Z", "groups": [], "user_permissions": []}}, {"model": "blog.myuser", "pk": 4, "fields": {"password": "pbkdf2_sha256$120000$dvLqEIGJn1zf$0fg6UtawCzCf8jtyafWc74iwSahQSmb1UGBMg62Rrvg=", "last_login": "2019-03-20T11:54:39.721Z", "is_superuser": false, "username": "Misha", "first_name": "", "last_name": "", "email": "", "is_staff": false, "is_active": true, "date_joined": "2019-03-18T06:17:37Z", "groups": [], "user_permissions": []}}, {"model": "blog.myuser", "pk": 5, "fields": {"password": "pbkdf2_sha256$120000$nF0zHo1pDaOv$C1gS+u9i048rl8Jmg2FpZjykLEORSk+Yh0T9yMKWxvw=", "last_login": "2019-03-20T12:32:23.532Z", "is_superuser": false, "username": "vasya", "first_name": "first", "last_name": "last", "email": "vasya@ya.ru", "is_staff": false, "is_active": true, "date_joined": "2019-03-20T12:32:23.304Z", "groups": [], "user_permissions": []}}, {"model": "blog.myuser", "pk": 6, "fields": {"password": "pbkdf2_sha256$120000$l9SFR7ppjTZL$s7wGhgM9NxEdQCu61+Ww2lorngkCQkn8bmGbcPlvxCY=", "last_login": "2019-03-20T12:37:06.364Z", "is_superuser": false, "username": "Petya", "first_name": "", "last_name": "", "email": "petya@ya.ru", "is_staff": false, "is_active": true, "date_joined": "2019-03-20T12:37:06.153Z", "groups": [], "user_permissions": []}}, {"model": "blog.myuser", "pk": 7, "fields": {"password": "pbkdf2_sha256$120000$EQPYsKE4L5qQ$uALjSGUjfnT1K/xa7t5iEEm20DE/SMGCYGkzEPWtkh0=", "last_login": null, "is_superuser": false, "username": "AmandaM", "first_name": "Amanda", "last_name": "Martines", "email": "Martines@mail.ru", "is_staff": false, "is_active": true, "date_joined": "2019-03-21T06:01:36Z", "groups": [], "user_permissions": []}}, {"model": "blog.myuser", "pk": 8, "fields": {"password": "pbkdf2_sha256$120000$e6myUtXvo54H$EEHTc2NR0qGCdOQJLT79UInu/+1eiwZvDdyiByXUKVo=", "last_login": null, "is_superuser": false, "username": "BaltejS", "first_name": "Baltej", "last_name": "Singh", "email": "Singh@gmail.ru", "is_staff": false, "is_active": true, "date_joined": "2019-03-21T06:02:36Z", "groups": [], "user_permissions": []}}, {"model": "blog.myuser", "pk": 9, "fields": {"password": "pbkdf2_sha256$120000$zkC28nw9WDLn$OThIossmdOHuxf9RZZRcIZSTJSDqE60NH+qiYOWy5Es=", "last_login": null, "is_superuser": false, "username": "MarieJ", "first_name": "Marie", "last_name": "Johnson", "email": "Johnson@ya.ru", "is_staff": false, "is_active": true, "date_joined": "2019-03-21T06:03:22Z", "groups": [], "user_permissions": []}}, {"model": "blog.myuser", "pk": 10, "fields": {"password": "pbkdf2_sha256$120000$0KtTh5qEkd4d$ZjbD5tmJg++2Kr+F3z6ef7UNCNsjI78DuRTIv03dj80=", "last_login": "2019-03-21T12:32:16.633Z", "is_superuser": false, "username": "Igor", "first_name": "", "last_name": "", "email": "igor@gmail.com", "is_staff": false, "is_active": true, "date_joined": "2019-03-21T12:32:16.382Z", "groups": [], "user_permissions": []}}, {"model": "blog.comment", "pk": 1, "fields": {"post": 3, "author": 7, "text": "Exercitation photo booth stumptown tote bag Banksy, elit small batch freegan sed. Craft beer elit seitan exercitation, photo booth et 8-bit kale chips proident chillwave deep v laborum. Aliquip veniam delectus, Marfa eiusmod Pinterest in do umami readymade swag. Selfies iPhone Kickstarter, drinking vinegar jean.", "created_date": "2019-03-12T07:21:07Z"}}, {"model": "blog.comment", "pk": 2, "fields": {"post": 3, "author": 8, "text": "Drinking vinegar stumptown yr pop-up artisan sunt. Deep v cliche lomo biodiesel Neutra selfies. Shorts fixie consequat flexitarian four loko tempor duis single-origin coffee. Banksy, elit small.", "created_date": "2019-03-15T09:08:05Z"}}, {"model": "blog.comment", "pk": 3, "fields": {"post": 3, "author": 9, "text": "Kickstarter seitan retro. Drinking vinegar stumptown yr pop-up artisan sunt. Deep v cliche lomo biodiesel Neutra selfies. Shorts fixie consequat flexitarian four loko tempor duis single-origin coffee. Banksy, elit small.", "created_date": "2019-03-18T09:08:32Z"}}, {"model": "blog.comment", "pk": 4, "fields": {"post": 3, "author": 1, "text": "New comment", "created_date": "2019-03-21T10:39:52.099Z"}}, {"model": "blog.comment", "pk": 5, "fields": {"post": 3, "author": 1, "text": "Second Comment", "created_date": "2019-03-21T10:40:32.049Z"}}, {"model": "blog.comment", "pk": 6, "fields": {"post": 3, "author": 1, "text": "Second Comment", "created_date": "2019-03-21T10:43:19.444Z"}}, {"model": "blog.comment", "pk": 7, "fields": {"post": 3, "author": 1, "text": "Second Comment", "created_date": "2019-03-21T10:43:34.192Z"}}, {"model": "blog.comment", "pk": 8, "fields": {"post": 3, "author": 1, "text": "Some private comment", "created_date": "2019-03-21T10:45:58.526Z"}}, {"model": "blog.comment", "pk": 9, "fields": {"post": 3, "author": 1, "text": "Another New Comment", "created_date": "2019-03-21T10:47:12.888Z"}}, {"model": "blog.comment", "pk": 10, "fields": {"post": 3, "author": 1, "text": "fergergete4t", "created_date": "2019-03-21T10:47:20.882Z"}}, {"model": "blog.comment", "pk": 11, "fields": {"post": 1, "author": 1, "text": "treyey5e6y56", "created_date": "2019-03-21T10:47:35.665Z"}}, {"model": "blog.comment", "pk": 12, "fields": {"post": 1, "author": 1, "text": "5y56y5y56y65y", "created_date": "2019-03-21T10:47:39.752Z"}}, {"model": "blog.comment", "pk": 13, "fields": {"post": 2, "author": 1, "text": "ferteyrtyh", "created_date": "2019-03-21T10:49:05.276Z"}}, {"model": "blog.comment", "pk": 14, "fields": {"post": 2, "author": 1, "text": "rtyhryutujy", "created_date": "2019-03-21T10:49:09.339Z"}}, {"model": "blog.comment", "pk": 15, "fields": {"post": 2, "author": 1, "text": "New comment", "created_date": "2019-03-24T12:53:57.033Z"}}, {"model": "blog.comment", "pk": 16, "fields": {"post": 2, "author": 1, "text": "Yet another comment", "created_date": "2019-03-24T12:56:19.555Z"}}, {"model": "blog.comment", "pk": 17, "fields": {"post": 2, "author": 1, "text": "Some important comment", "created_date": "2019-03-24T12:57:04.101Z"}}, {"model": "blog.comment", "pk": 18, "fields": {"post": 2, "author": 1, "text": "vffgfgdfgdf", "created_date": "2019-03-24T13:01:56.971Z"}}, {"model": "blog.comment", "pk": 19, "fields": {"post": 2, "author": 1, "text": "jljljljlj", "created_date": "2019-03-24T13:34:14.472Z"}}, {"model": "blog.post", "pk": 1, "fields": {"author": 2, "title": "Eggplant meat broth", "text": "Aenean interdum arcu blandit, vehicula magna non, placerat et pharetratortor. Aenean interdum arcu blandit, vehicula magna non, placerat et pharetratortor. Aenean interdum arcu blandit, vehicula magna non, placerat et pharetratortor. Aenean interdum arcu blandit, vehicula magna non, placerat et pharetratortor. Aenean interdum arcu blandit, vehicula magna non, placerat et pharetratortor.", "created_date": "2019-03-17T06:18:45Z", "published_date": "2019-03-17T06:18:45Z", "modified_date": "2019-03-17T06:18:45Z", "n_pingback": 10, "rating": 5}}, {"model": "blog.post", "pk": 2, "fields": {"author": 3, "title": "Vegetable rice recipe", "text": "Vhicula magna non, placerat elit. Mauris et pharetratortor sodales urna. Vhicula magna non, placerat elit. Mauris et pharetratortor sodales urna. Vhicula magna non, placerat elit. Mauris et pharetratortor sodales urna. Vhicula magna non, placerat elit. Mauris et pharetratortor sodales urna. Vhicula magna non, placerat elit. Mauris et pharetratortor sodales urna. Vhicula magna non, placerat elit. Mauris et pharetratortor sodales urna.", "created_date": "2019-03-14T06:33:04Z", "published_date": "2019-03-14T06:33:04Z", "modified_date": "2019-03-14T06:33:04Z", "n_pingback": 10, "rating": 5}}, {"model": "blog.post", "pk": 3, "fields": {"author": 4, "title": "Egg bread", "text": "Aenean suspendissea sodales urna. In at augue elit. Vivamus enim nibh ac felis. Aenean suspendissea sodales urna. In at augue elit. Vivamus enim nibh ac felis. Aenean suspendissea sodales urna. In at augue elit. Vivamus enim nibh ac felis.  Aenean suspendissea sodales urna. In at augue elit. Vivamus enim nibh ac felis. Aenean suspendissea sodales urna. In at augue elit. Vivamus enim nibh ac felis. Aenean suspendissea sodales urna. In at augue elit. Vivamus enim nibh ac felis.", "created_date": "2019-03-05T06:40:30Z", "published_date": "2019-03-05T06:40:30Z", "modified_date": "2019-03-05T06:40:30Z", "n_pingback": 10, "rating": 4}}, {"model": "blog.post", "pk": 4, "fields": {"author": 2, "title": "Plenty of creamy sweet", "text": "Aenean interdum arcu magna non, placerat elit. Mauris et pharetratortor. Aenean interdum arcu magna non, placerat elit. Mauris et pharetratortor. Aenean interdum arcu magna non, placerat elit. Mauris et pharetratortor. Aenean interdum arcu magna non, placerat elit. Mauris et pharetratortor. Aenean interdum arcu magna non, placerat elit. Mauris et pharetratortor.", "created_date": "2019-02-26T06:41:55Z", "published_date": "2019-02-26T06:41:55Z", "modified_date": "2019-02-26T06:41:55Z", "n_pingback": 10, "rating": 3}}, {"model": "blog.post", "pk": 5, "fields": {"author": 3, "title": "Eggplant meat broth", "text": "Aenean interdum arcu blandit, vehicula magna non, placerat et pharetratortor. Aenean interdum arcu blandit, vehicula magna non, placerat et pharetratortor. Aenean interdum arcu blandit, vehicula magna non, placerat et pharetratortor. Aenean interdum arcu blandit, vehicula magna non, placerat et pharetratortor. Aenean interdum arcu blandit, vehicula magna non, placerat et pharetratortor.", "created_date": "2019-02-14T06:43:30Z", "published_date": "2019-02-14T06:43:30Z", "modified_date": "2019-02-14T06:43:30Z", "n_pingback": 10, "rating": 5}}, {"model": "blog.post", "pk": 6, "fields": {"author": 4, "title": "Strawberry ice cream", "text": "Suspendissea sodales urna. In at augue elit. Vivamu ac felis tempor odio. Suspendissea sodales urna. In at augue elit. Vivamu ac felis tempor odio. Suspendissea sodales urna. In at augue elit. Vivamu ac felis tempor odio. Suspendissea sodales urna. In at augue elit. Vivamu ac felis tempor odio. Suspendissea sodales urna. In at augue elit. Vivamu ac felis tempor odio. Suspendissea sodales urna. In at augue elit. Vivamu ac felis tempor odio.", "created_date": "2019-02-01T06:47:03Z", "published_date": "2019-02-01T06:47:03Z", "modified_date": "2019-02-01T06:47:03Z", "n_pingback": 10, "rating": 2}}, {"model": "blog.post", "pk": 7, "fields": {"author": 2, "title": "French fried breakfas", "text": "Vhicula magna non, placerat elit. Mauris et pharetratortor sodales urna. Vhicula magna non, placerat elit. Mauris et pharetratortor sodales urna. Vhicula magna non, placerat elit. Mauris et pharetratortor sodales urna. Vhicula magna non, placerat elit. Mauris et pharetratortor sodales urna. Vhicula magna non, placerat elit. Mauris et pharetratortor sodales urna. Vhicula magna non, placerat elit. Mauris et pharetratortor sodales urna.", "created_date": "2019-01-25T06:48:15Z", "published_date": "2019-01-25T06:48:15Z", "modified_date": "2019-01-25T06:48:15Z", "n_pingback": 10, "rating": 6}}, {"model": "blog.post", "pk": 8, "fields": {"author": 3, "title": "Fried steak with sauce", "text": "Aenean suspendissea sodales urna. In at augue elit. Vivamus enim nibh ac felis. Aenean suspendissea sodales urna. In at augue elit. Vivamus enim nibh ac felis. Aenean suspendissea sodales urna. In at augue elit. Vivamus enim nibh ac felis. Aenean suspendissea sodales urna. In at augue elit. Vivamus enim nibh ac felis. Aenean suspendissea sodales urna. In at augue elit. Vivamus enim nibh ac felis. Aenean suspendissea sodales urna. In at augue elit. Vivamus enim nibh ac felis.", "created_date": "2019-01-15T06:50:36Z", "published_date": "2019-01-15T06:50:36Z", "modified_date": "2019-01-15T06:50:36Z", "n_pingback": 10, "rating": 5}}, {"model": "blog.post", "pk": 9, "fields": {"author": 4, "title": "Plenty of creamy sweet", "text": "Aenean interdum arcu magna non, placerat elit. Mauris et pharetratortor. Aenean interdum arcu magna non, placerat elit. Mauris et pharetratortor. Aenean interdum arcu magna non, placerat elit. Mauris et pharetratortor. Aenean interdum arcu magna non, placerat elit. Mauris et pharetratortor. vAenean interdum arcu magna non, placerat elit. Mauris et pharetratortor.", "created_date": "2019-01-09T06:51:48Z", "published_date": "2019-01-09T06:51:48Z", "modified_date": "2019-01-09T06:51:48Z", "n_pingback": 10, "rating": 5}}, {"model": "blog.post", "pk": 10, "fields": {"author": 4, "title": "Banana chocolate cake", "text": "Suspendissea urna augue elit. Vivamus enim nibh, maximus ac felis tempor odio. Suspendissea urna augue elit. Vivamus enim nibh, maximus ac felis tempor odio. Suspendissea urna augue elit. Vivamus enim nibh, maximus ac felis tempor odio. Suspendissea urna augue elit. Vivamus enim nibh, maximus ac felis tempor odio. Suspendissea urna augue elit. Vivamus enim nibh, maximus ac felis tempor odio. Suspendissea urna augue elit. Vivamus enim nibh, maximus ac felis tempor odio.", "created_date": "2019-03-04T06:54:13Z", "published_date": "2019-03-04T06:54:13Z", "modified_date": "2019-03-04T06:54:13Z", "n_pingback": 10, "rating": 4}}, {"model": "blog.post", "pk": 11, "fields": {"author": 2, "title": "Apple cake recipe", "text": "Vhicula mag, placerat elit. Mauris et pharetratortor. Suspendissea sodales urna. Vhicula mag, placerat elit. Mauris et pharetratortor. Suspendissea sodales urna. Vhicula mag, placerat elit. Mauris et pharetratortor. Suspendissea sodales urna. Vhicula mag, placerat elit. Mauris et pharetratortor. Suspendissea sodales urna. Vhicula mag, placerat elit. Mauris et pharetratortor. Suspendissea sodales urna. Vhicula mag, placerat elit. Mauris et pharetratortor. Suspendissea sodales urna.", "created_date": "2019-02-09T06:55:26Z", "published_date": "2019-02-09T06:55:26Z", "modified_date": "2019-02-09T06:55:26Z", "n_pingback": 10, "rating": 5}}, {"model": "blog.post", "pk": 12, "fields": {"author": 3, "title": "Garlic sweet recipe", "text": "Aenean suspendissea sodales urna. In at augue elit. Vivamus enim nibh, maximus ac felis. Aenean suspendissea sodales urna. In at augue elit. Vivamus enim nibh, maximus ac felis. Aenean suspendissea sodales urna. In at augue elit. Vivamus enim nibh, maximus ac felis. Aenean suspendissea sodales urna. In at augue elit. Vivamus enim nibh, maximus ac felis. Aenean suspendissea sodales urna. In at augue elit. Vivamus enim nibh, maximus ac felis. Aenean suspendissea sodales urna. In at augue elit. Vivamus enim nibh, maximus ac felis. Aenean suspendissea sodales urna. In at augue elit. Vivamus enim nibh, maximus ac felis.", "created_date": "2019-02-12T06:57:10Z", "published_date": "2019-02-12T06:57:10Z", "modified_date": "2019-02-12T06:57:10Z", "n_pingback": 10, "rating": 4}}, {"model": "admin.logentry", "pk": 1, "fields": {"action_time": "2019-03-18T06:17:10.409Z", "user": 1, "content_type": 1, "object_id": "2", "object_repr": "Dasha", "action_flag": 1, "change_message": "[{\"added\": {}}]"}}, {"model": "admin.logentry", "pk": 2, "fields": {"action_time": "2019-03-18T06:17:23.945Z", "user": 1, "content_type": 1, "object_id": "3", "object_repr": "Masha", "action_flag": 1, "change_message": "[{\"added\": {}}]"}}, {"model": "admin.logentry", "pk": 3, "fields": {"action_time": "2019-03-18T06:17:37.914Z", "user": 1, "content_type": 1, "object_id": "4", "object_repr": "Misha", "action_flag": 1, "change_message": "[{\"added\": {}}]"}}, {"model": "admin.logentry", "pk": 4, "fields": {"action_time": "2019-03-18T06:18:07.921Z", "user": 1, "content_type": 1, "object_id": "4", "object_repr": "Misha", "action_flag": 2, "change_message": "[]"}}, {"model": "admin.logentry", "pk": 5, "fields": {"action_time": "2019-03-18T06:33:04.932Z", "user": 1, "content_type": 3, "object_id": "1", "object_repr": "Eggplant meat broth", "action_flag": 1, "change_message": "[{\"added\": {}}]"}}, {"model": "admin.logentry", "pk": 6, "fields": {"action_time": "2019-03-18T06:40:29.991Z", "user": 1, "content_type": 3, "object_id": "2", "object_repr": "Vegetable rice recipe", "action_flag": 1, "change_message": "[{\"added\": {}}]"}}, {"model": "admin.logentry", "pk": 7, "fields": {"action_time": "2019-03-18T06:41:55.330Z", "user": 1, "content_type": 3, "object_id": "3", "object_repr": "Egg bread", "action_flag": 1, "change_message": "[{\"added\": {}}]"}}, {"model": "admin.logentry", "pk": 8, "fields": {"action_time": "2019-03-18T06:43:30.344Z", "user": 1, "content_type": 3, "object_id": "4", "object_repr": "Plenty of creamy sweet", "action_flag": 1, "change_message": "[{\"added\": {}}]"}}, {"model": "admin.logentry", "pk": 9, "fields": {"action_time": "2019-03-18T06:47:03.195Z", "user": 1, "content_type": 3, "object_id": "5", "object_repr": "Eggplant meat broth", "action_flag": 1, "change_message": "[{\"added\": {}}]"}}, {"model": "admin.logentry", "pk": 10, "fields": {"action_time": "2019-03-18T06:48:15.812Z", "user": 1, "content_type": 3, "object_id": "6", "object_repr": "Strawberry ice cream", "action_flag": 1, "change_message": "[{\"added\": {}}]"}}, {"model": "admin.logentry", "pk": 11, "fields": {"action_time": "2019-03-18T06:50:36.646Z", "user": 1, "content_type": 3, "object_id": "7", "object_repr": "French fried breakfas", "action_flag": 1, "change_message": "[{\"added\": {}}]"}}, {"model": "admin.logentry", "pk": 12, "fields": {"action_time": "2019-03-18T06:51:48.219Z", "user": 1, "content_type": 3, "object_id": "8", "object_repr": "Fried steak with sauce", "action_flag": 1, "change_message": "[{\"added\": {}}]"}}, {"model": "admin.logentry", "pk": 13, "fields": {"action_time": "2019-03-18T06:54:13.539Z", "user": 1, "content_type": 3, "object_id": "9", "object_repr": "Plenty of creamy sweet", "action_flag": 1, "change_message": "[{\"added\": {}}]"}}, {"model": "admin.logentry", "pk": 14, "fields": {"action_time": "2019-03-18T06:55:26.651Z", "user": 1, "content_type": 3, "object_id": "10", "object_repr": "Banana chocolate cake", "action_flag": 1, "change_message": "[{\"added\": {}}]"}}, {"model": "admin.logentry", "pk": 15, "fields": {"action_time": "2019-03-18T06:57:10.829Z", "user": 1, "content_type": 3, "object_id": "11", "object_repr": "Apple cake recipe", "action_flag": 1, "change_message": "[{\"added\": {}}]"}}, {"model": "admin.logentry", "pk": 16, "fields": {"action_time": "2019-03-18T06:58:27.646Z", "user": 1, "content_type": 3, "object_id": "12", "object_repr": "Garlic sweet recipe", "action_flag": 1, "change_message": "[{\"added\": {}}]"}}, {"model": "admin.logentry", "pk": 17, "fields": {"action_time": "2019-03-21T06:01:36.729Z", "user": 1, "content_type": 1, "object_id": "7", "object_repr": "AmandaM", "action_flag": 1, "change_message": "[{\"added\": {}}]"}}, {"model": "admin.logentry", "pk": 18, "fields": {"action_time": "2019-03-21T06:02:36.248Z", "user": 1, "content_type": 1, "object_id": "8", "object_repr": "BaltejS", "action_flag": 1, "change_message": "[{\"added\": {}}]"}}, {"model": "admin.logentry", "pk": 19, "fields": {"action_time": "2019-03-21T06:03:22.285Z", "user": 1, "content_type": 1, "object_id": "9", "object_repr": "MarieJ", "action_flag": 1, "change_message": "[{\"added\": {}}]"}}, {"model": "admin.logentry", "pk": 20, "fields": {"action_time": "2019-03-21T06:03:55.521Z", "user": 1, "content_type": 1, "object_id": "9", "object_repr": "MarieJ", "action_flag": 2, "change_message": "[{\"changed\": {\"fields\": [\"first_name\", \"last_name\", \"email\"]}}]"}}, {"model": "admin.logentry", "pk": 21, "fields": {"action_time": "2019-03-21T06:05:31.084Z", "user": 1, "content_type": 1, "object_id": "7", "object_repr": "AmandaM", "action_flag": 2, "change_message": "[{\"changed\": {\"fields\": [\"first_name\", \"last_name\", \"email\"]}}]"}}, {"model": "admin.logentry", "pk": 22, "fields": {"action_time": "2019-03-21T06:06:09.628Z", "user": 1, "content_type": 1, "object_id": "8", "object_repr": "BaltejS", "action_flag": 2, "change_message": "[{\"changed\": {\"fields\": [\"first_name\", \"last_name\", \"email\"]}}]"}}, {"model": "admin.logentry", "pk": 23, "fields": {"action_time": "2019-03-21T06:06:47.062Z", "user": 1, "content_type": 1, "object_id": "2", "object_repr": "Dasha", "action_flag": 2, "change_message": "[{\"changed\": {\"fields\": [\"first_name\", \"last_name\", \"email\"]}}]"}}, {"model": "admin.logentry", "pk": 24, "fields": {"action_time": "2019-03-21T07:21:34.861Z", "user": 1, "content_type": 2, "object_id": "1", "object_repr": "Comment object (1)", "action_flag": 1, "change_message": "[{\"added\": {}}]"}}, {"model": "admin.logentry", "pk": 25, "fields": {"action_time": "2019-03-21T09:08:25.007Z", "user": 1, "content_type": 2, "object_id": "2", "object_repr": "Egg bread", "action_flag": 1, "change_message": "[{\"added\": {}}]"}}, {"model": "admin.logentry", "pk": 26, "fields": {"action_time": "2019-03-21T09:09:04.454Z", "user": 1, "content_type": 2, "object_id": "3", "object_repr": "Egg bread", "action_flag": 1, "change_message": "[{\"added\": {}}]"}}]